{
  "valid_levels": 284,
  "invalid_levels": 445,
  "total_levels": 729,
  "fitness": {
    "2_4_0.txt": 0.0,
    "2_4_1.txt": 0.0,
    "2_4_2.txt": 0.0,
    "1_3_0.txt": 0.0,
    "1_3_1.txt": 0.0,
    "1_3_2.txt": 0.0,
    "4_3_0.txt": 0.0,
    "4_3_1.txt": 0.0,
    "4_3_2.txt": 0.0,
    "5_4_0.txt": 0.0,
    "5_4_1.txt": 0.0,
    "5_4_2.txt": 1.0,
    "0_15_0.txt": 0.0,
    "10_5_0.txt": 0.0,
    "10_5_1.txt": 0.0,
    "10_5_2.txt": 4.0,
    "1_2_0.txt": 0.0,
    "1_2_1.txt": 0.0,
    "1_2_2.txt": 0.0,
    "8_3_0.txt": 0.0,
    "8_3_1.txt": 0.0,
    "8_3_2.txt": 2.0,
    "1_5_0.txt": 0.0,
    "1_5_1.txt": 0.0,
    "1_5_2.txt": 0.0,
    "4_5_0.txt": 0.0,
    "4_5_1.txt": 0.0,
    "4_5_2.txt": 0.9642857142857143,
    "0_9_0.txt": 0.0,
    "0_9_1.txt": 0.0,
    "0_9_2.txt": 4.0,
    "3_2_0.txt": 0.0,
    "3_2_1.txt": 0.0,
    "3_2_2.txt": 0.0,
    "4_9_0.txt": 0.0,
    "4_9_1.txt": 0.0,
    "4_9_2.txt": 0.0,
    "8_5_0.txt": 0.0,
    "8_5_1.txt": 0.0,
    "8_5_2.txt": 0.0,
    "5_3_0.txt": 0.0,
    "5_3_1.txt": 0.0,
    "5_3_2.txt": 0.0,
    "3_3_0.txt": 0.0,
    "3_3_1.txt": 0.0,
    "3_3_2.txt": 0.0,
    "4_4_0.txt": 0.0,
    "4_4_1.txt": 0.0,
    "4_4_2.txt": 0.0,
    "1_0_0.txt": 0.0,
    "1_0_1.txt": 0.0,
    "1_0_2.txt": 0.0,
    "3_11_0.txt": 0.0,
    "3_11_1.txt": 0.0,
    "3_11_2.txt": 1.9642857142857142,
    "8_4_0.txt": 0.0,
    "8_4_1.txt": 0.0,
    "8_4_2.txt": 2.0,
    "4_11_0.txt": 0.0,
    "4_11_1.txt": 0.0,
    "4_11_2.txt": 4.892857142857143,
    "3_9_0.txt": 0.0,
    "3_9_1.txt": 0.0,
    "3_9_2.txt": 0.9285714285714286,
    "10_4_0.txt": 0.0,
    "10_4_1.txt": 0.0,
    "10_4_2.txt": 4.0,
    "2_3_0.txt": 0.0,
    "2_3_1.txt": 0.0,
    "2_3_2.txt": 0.0,
    "0_11_0.txt": 0.0,
    "0_11_1.txt": 1.0,
    "0_11_2.txt": 1.0,
    "6_5_0.txt": 0.0,
    "6_5_1.txt": 0.0,
    "6_5_2.txt": 0.0,
    "2_1_0.txt": 0.0,
    "2_1_1.txt": 0.0,
    "2_1_2.txt": 0.0,
    "7_4_0.txt": 0.0,
    "7_4_1.txt": 0.0,
    "7_4_2.txt": 0.0,
    "4_1_0.txt": 0.0,
    "4_1_1.txt": 0.0,
    "4_1_2.txt": 0.0,
    "3_13_0.txt": 0.0,
    "3_13_1.txt": 1.0,
    "3_13_2.txt": 3.9642857142857144,
    "6_12_0.txt": 0.0,
    "6_12_1.txt": 2.0,
    "6_12_2.txt": 4.0,
    "5_9_0.txt": 0.0,
    "5_9_1.txt": 0.0,
    "5_9_2.txt": 1.0,
    "6_2_0.txt": 0.0,
    "6_2_1.txt": 0.0,
    "6_2_2.txt": 2.0,
    "5_2_0.txt": 0.0,
    "5_2_1.txt": 0.0,
    "5_2_2.txt": 0.0,
    "0_3_0.txt": 0.0,
    "0_3_1.txt": 0.0,
    "0_3_2.txt": 0.0,
    "2_11_0.txt": 0.0,
    "2_11_1.txt": 0.9642857142857143,
    "2_11_2.txt": 0.9642857142857143,
    "7_9_0.txt": 0.0,
    "7_9_1.txt": 2.0,
    "7_9_2.txt": 3.9642857142857144,
    "3_0_0.txt": 0.0,
    "3_0_1.txt": 0.0,
    "3_0_2.txt": 0.0,
    "7_2_0.txt": 0.0,
    "7_2_1.txt": 0.0,
    "7_2_2.txt": 2.0,
    "6_4_0.txt": 0.0,
    "6_4_1.txt": 0.0,
    "6_4_2.txt": 0.0,
    "0_0_0.txt": 0.0,
    "0_0_1.txt": 0.0,
    "0_0_2.txt": 0.0,
    "8_6_0.txt": 0.0,
    "8_6_1.txt": 0.0,
    "8_6_2.txt": 0.0,
    "1_11_0.txt": 0.0,
    "1_11_1.txt": 0.9642857142857143,
    "1_11_2.txt": 0.9642857142857143,
    "6_7_0.txt": 0.0,
    "6_7_1.txt": 0.0,
    "6_7_2.txt": 2.0,
    "3_8_0.txt": 0.0,
    "3_8_1.txt": 0.0,
    "3_8_2.txt": 0.0,
    "3_1_0.txt": 0.0,
    "3_1_1.txt": 0.0,
    "3_1_2.txt": 2.0,
    "1_12_0.txt": 0.0,
    "1_12_1.txt": 0.9642857142857143,
    "1_12_2.txt": 3.9642857142857144,
    "0_8_0.txt": 0.0,
    "0_8_1.txt": 0.0,
    "0_8_2.txt": 1.0,
    "2_10_0.txt": 0.0,
    "2_10_1.txt": 0.0,
    "2_10_2.txt": 2.9642857142857144,
    "5_6_0.txt": 0.0,
    "5_6_1.txt": 0.0,
    "5_6_2.txt": 0.0,
    "4_2_0.txt": 0.0,
    "4_2_1.txt": 0.0,
    "4_2_2.txt": 0.0,
    "4_6_0.txt": 0.0,
    "4_6_1.txt": 0.0,
    "4_6_2.txt": 0.0,
    "6_3_0.txt": 0.0,
    "6_3_1.txt": 0.0,
    "6_3_2.txt": 0.0,
    "5_0_0.txt": 0.0,
    "5_0_1.txt": 0.0,
    "5_0_2.txt": 0.0,
    "2_15_0.txt": 0.9642857142857143,
    "2_15_1.txt": 0.9642857142857143,
    "2_15_2.txt": 2.9642857142857144,
    "8_10_0.txt": 0.0,
    "8_10_1.txt": 1.0,
    "8_10_2.txt": 6.0,
    "5_7_0.txt": 0.0,
    "5_7_1.txt": 0.0,
    "5_7_2.txt": 0.0,
    "3_6_0.txt": 0.0,
    "3_6_1.txt": 0.0,
    "3_6_2.txt": 0.0,
    "1_13_0.txt": 0.0,
    "1_13_1.txt": 0.0,
    "1_13_2.txt": 2.0,
    "2_2_0.txt": 0.0,
    "2_2_1.txt": 0.0,
    "2_2_2.txt": 0.0,
    "3_4_0.txt": 0.0,
    "3_4_1.txt": 0.0,
    "3_4_2.txt": 0.0,
    "4_10_0.txt": 0.0,
    "4_10_1.txt": 0.0,
    "4_10_2.txt": 1.0,
    "2_0_0.txt": 0.0,
    "2_0_1.txt": 0.0,
    "2_0_2.txt": 0.0,
    "4_7_0.txt": 0.0,
    "4_7_1.txt": 0.0,
    "4_7_2.txt": 0.0,
    "1_4_0.txt": 0.0,
    "1_4_1.txt": 0.0,
    "1_4_2.txt": 0.0,
    "9_6_0.txt": 0.0,
    "9_6_1.txt": 0.0,
    "9_6_2.txt": 0.0,
    "2_7_0.txt": 0.0,
    "2_7_1.txt": 0.0,
    "2_7_2.txt": 0.0,
    "0_6_0.txt": 0.0,
    "0_6_1.txt": 0.0,
    "0_6_2.txt": 0.0,
    "1_1_0.txt": 0.0,
    "1_1_1.txt": 0.0,
    "1_1_2.txt": 0.0,
    "12_3_0.txt": 0.0,
    "12_3_1.txt": 2.0,
    "12_3_2.txt": 5.0,
    "2_12_0.txt": 0.0,
    "2_12_1.txt": 0.0,
    "2_12_2.txt": 2.0,
    "4_0_0.txt": 0.0,
    "4_0_1.txt": 0.0,
    "4_0_2.txt": 0.0,
    "5_1_0.txt": 0.0,
    "5_1_1.txt": 0.0,
    "5_1_2.txt": 0.0,
    "2_9_0.txt": 0.0,
    "2_9_1.txt": 0.0,
    "2_9_2.txt": 0.9642857142857143,
    "1_10_0.txt": 0.0,
    "1_10_1.txt": 0.0,
    "1_10_2.txt": 3.9642857142857144,
    "0_10_0.txt": 0.9642857142857143,
    "0_10_1.txt": 0.9642857142857143,
    "0_10_2.txt": 2.9642857142857144,
    "2_8_0.txt": 0.0,
    "2_8_1.txt": 1.0,
    "2_8_2.txt": 0.9642857142857143,
    "4_8_0.txt": 0.0,
    "4_8_1.txt": 0.0,
    "4_8_2.txt": 0.0,
    "4_12_0.txt": 0.0,
    "4_12_1.txt": 0.0,
    "4_12_2.txt": 2.0,
    "5_5_0.txt": 0.0,
    "5_5_1.txt": 0.0,
    "5_5_2.txt": 0.0,
    "6_0_0.txt": 0.0,
    "6_0_1.txt": 0.0,
    "6_0_2.txt": 2.0,
    "1_6_0.txt": 0.0,
    "1_6_1.txt": 1.0,
    "1_6_2.txt": 2.0,
    "1_14_0.txt": 0.0,
    "1_14_1.txt": 0.0,
    "1_14_2.txt": 5.0,
    "1_7_0.txt": 0.0,
    "1_7_1.txt": 0.0,
    "1_7_2.txt": 1.0,
    "3_7_0.txt": 0.0,
    "3_7_1.txt": 0.9642857142857143,
    "3_7_2.txt": 2.0,
    "2_6_0.txt": 0.0,
    "2_6_1.txt": 0.0,
    "2_6_2.txt": 0.0,
    "5_11_0.txt": 0.0,
    "5_11_1.txt": 0.0,
    "5_11_2.txt": 2.0,
    "7_14_0.txt": 0.0,
    "7_14_1.txt": 4.0,
    "7_14_2.txt": 3.0,
    "1_9_0.txt": 0.0,
    "1_9_1.txt": 0.0,
    "1_9_2.txt": 0.0,
    "5_10_0.txt": 0.9642857142857143,
    "5_10_1.txt": 0.9642857142857143,
    "5_10_2.txt": 1.0,
    "1_17_0.txt": 0.9642857142857143,
    "1_17_1.txt": 0.9642857142857143,
    "1_17_2.txt": 0.9642857142857143,
    "0_2_0.txt": 0.0,
    "0_2_1.txt": 0.0,
    "0_2_2.txt": 0.0,
    "2_5_0.txt": 0.0,
    "2_5_1.txt": 0.0,
    "2_5_2.txt": 0.0,
    "0_14_0.txt": 0.0,
    "0_14_1.txt": 0.0,
    "0_14_2.txt": 0.0,
    "6_11_0.txt": 0.8571428571428572,
    "6_11_1.txt": 0.8571428571428572,
    "6_11_2.txt": 2.9642857142857144,
    "0_5_0.txt": 0.0,
    "0_5_1.txt": 0.0,
    "0_5_2.txt": 2.0,
    "8_2_0.txt": 0.0,
    "8_2_1.txt": 0.0,
    "8_2_2.txt": 2.0,
    "0_1_0.txt": 0.0,
    "0_1_1.txt": 0.0,
    "0_1_2.txt": 0.0,
    "9_1_0.txt": 0.3571428571428571,
    "9_1_1.txt": 0.3571428571428571,
    "9_1_2.txt": 0.3571428571428571,
    "8_8_0.txt": 0.0,
    "8_8_1.txt": 0.0,
    "8_8_2.txt": 4.0,
    "9_5_0.txt": 0.0,
    "9_5_1.txt": 0.0,
    "9_5_2.txt": 5.0,
    "5_8_0.txt": 0.0,
    "5_8_1.txt": 0.0,
    "5_8_2.txt": 1.0,
    "9_8_0.txt": 2.0,
    "9_8_1.txt": 2.0,
    "9_8_2.txt": 4.0,
    "3_5_0.txt": 0.0,
    "3_5_1.txt": 0.0,
    "3_5_2.txt": 2.0,
    "3_12_0.txt": 0.0,
    "3_12_1.txt": 1.0,
    "3_12_2.txt": 2.0,
    "6_8_0.txt": 1.0,
    "6_8_1.txt": 1.0,
    "6_8_2.txt": 3.0,
    "8_9_0.txt": 2.0,
    "8_9_1.txt": 2.0,
    "8_9_2.txt": 4.964285714285714,
    "0_12_0.txt": 0.0,
    "0_12_1.txt": 0.0,
    "0_12_2.txt": 2.857142857142857,
    "8_7_0.txt": 0.0,
    "8_7_1.txt": 1.0,
    "8_7_2.txt": 2.0,
    "9_7_0.txt": 1.0,
    "9_7_1.txt": 1.0,
    "9_7_2.txt": 3.0,
    "12_4_0.txt": 0.0,
    "12_4_1.txt": 0.0,
    "12_4_2.txt": 1.0,